Date,Noise,Temp,Dust
2012/03/29 01:26:49,75,30.507,0
2012/03/29 01:28:16,90,30.4384,0.580761
2012/03/29 01:29:42,75,30.4678,0
2012/03/29 01:31:09,75,30.311,0.00246301
2012/03/29 01:32:35,75,30.5658,0.00216901
2012/03/29 01:34:01,75,30.4286,0.00216901
2012/03/29 01:35:28,75,30.3502,0.001728
2012/03/29 01:36:54,75,30.4188,0
2012/03/29 01:38:34,75,30.409,0
2012/03/29 01:39:54,75,30.4874,0
2012/03/29 01:41:21,75,30.4874,0
2012/03/29 01:42:47,75,30.3306,0.003786
2012/03/29 01:44:14,75,30.36,0
2012/03/29 01:45:40,75,30.4286,0
2012/03/29 01:47:06,75,30.2228,0.000405003
2012/03/29 01:48:33,75,29.8798,0.001287
2012/03/29 01:49:59,75,30.4286,0
2012/03/29 01:51:26,75,30.5168,0
2012/03/29 01:52:52,75,30.3796,0
2012/03/29 01:54:19,75,30.4776,0
2012/03/29 01:55:45,75,30.409,0
2012/03/29 01:57:12,75,30.3404,0
2012/03/29 01:58:38,75,30.0464,0
2012/03/29 02:00:04,75,30.164,0.00246301
2012/03/29 02:01:31,75,29.3604,0
2012/03/29 02:02:57,75,29.9778,0
2012/03/29 02:04:24,75,29.9974,0.00216901
2012/03/29 02:05:50,75,29.8406,0
2012/03/29 02:07:16,75,29.8014,0
2012/03/29 02:08:43,75,29.821,0
2012/03/29 02:10:09,75,29.7524,0.000551999
2012/03/29 02:11:36,75,29.6152,0
2012/03/29 02:13:02,75,29.0664,0
2012/03/29 02:14:29,75,29.5564,0
2012/03/29 02:15:55,75,29.38,0
2012/03/29 02:17:22,75,29.5172,0
2012/03/29 02:18:48,75,29.38,0
2012/03/29 02:20:14,75,29.4878,0
2012/03/29 02:21:41,75,29.5172,0
2012/03/29 02:23:07,75,29.5074,0
2012/03/29 02:24:34,75,29.3408,0
2012/03/29 02:26:09,75,29.3702,0
2012/03/29 02:27:36,75,29.2526,0
2012/03/29 02:29:02,75,29.2526,0
2012/03/29 02:30:29,75,29.0958,0
2012/03/29 02:31:55,75,28.9488,0
2012/03/29 02:33:22,75,28.9194,0
2012/03/29 02:34:48,75,29.0762,0
2012/03/29 02:36:14,75,28.8802,0
2012/03/29 02:37:41,75,28.841,0
2012/03/29 02:39:07,75,28.988,0
2012/03/29 02:40:34,75,28.7822,0
2012/03/29 02:42:00,75,28.8802,0
2012/03/29 02:43:27,75,28.7822,0
2012/03/29 02:44:53,75,28.7822,0
2012/03/29 02:46:20,75,28.3804,0
2012/03/29 02:47:46,75,28.6156,0
2012/03/29 02:49:13,75,28.6156,0
2012/03/29 02:50:39,75,28.5568,0
2012/03/29 02:52:06,75,28.4686,0
2012/03/29 02:53:32,75,28.498,0
2012/03/29 02:54:59,75,28.5372,0
2012/03/29 02:56:25,75,28.5862,0
2012/03/29 02:57:52,75,28.4392,0
2012/03/29 02:59:18,75,28.498,0
2012/03/29 03:00:44,75,28.3706,0
2012/03/29 03:02:11,75,28.6156,0
2012/03/29 03:03:37,75,28.4882,0
2012/03/29 03:05:04,75,28.4392,0
2012/03/29 03:06:30,75,28.4392,0
2012/03/29 03:07:57,75,28.3412,0
2012/03/29 03:09:23,75,28.4686,0
2012/03/29 03:10:50,75,28.5274,0
2012/03/29 03:12:16,75,28.3706,0
2012/03/29 03:13:43,75,28.5274,0
2012/03/29 03:15:09,75,27.9688,0
2012/03/29 03:16:36,75,28.302,0
2012/03/29 03:18:02,75,28.1648,0
2012/03/29 03:19:29,75,28.1844,0
2012/03/29 03:20:55,75,28.155,0
2012/03/29 03:22:21,75,28.2236,0
2012/03/29 03:23:48,75,28.2334,0
2012/03/29 03:25:14,75,28.0766,0
2012/03/29 03:26:41,75,28.1452,0
2012/03/29 03:28:07,75,28.0668,0
2012/03/29 03:29:34,75,28.0472,0
2012/03/29 03:31:00,75,28.0374,0
2012/03/29 03:32:26,75,27.8806,0
2012/03/29 03:33:53,75,27.9786,0
2012/03/29 03:35:19,75,27.8512,0
2012/03/29 03:36:46,75,28.0766,0
2012/03/29 03:38:12,75,28.0766,0
2012/03/29 03:39:39,75,27.6846,0
2012/03/29 03:41:05,75,27.4788,0
2012/03/29 03:42:32,75,27.9688,0
2012/03/29 03:43:58,75,27.9786,0
2012/03/29 03:45:25,75,27.8022,0
2012/03/29 03:46:51,75,27.8414,0
2012/03/29 03:48:18,75,27.763,0
2012/03/29 03:49:44,75,27.763,0
2012/03/29 03:51:10,75,27.7826,0
2012/03/29 03:52:37,75,27.4788,0
2012/03/29 03:54:03,75,27.7728,0
2012/03/29 03:55:30,75,27.7336,0
2012/03/29 03:56:56,75,27.6062,0
2012/03/29 03:58:23,75,27.6552,0
2012/03/29 03:59:49,75,27.5768,0
2012/03/29 04:01:15,75,27.5278,0
2012/03/29 04:02:42,75,27.6748,0
2012/03/29 04:04:08,75,27.5572,0
2012/03/29 04:05:35,75,27.4592,0
2012/03/29 04:07:01,75,27.518,0
2012/03/29 04:08:27,75,27.5474,0
2012/03/29 04:09:54,75,27.5768,0
2012/03/29 04:11:20,75,27.567,0
2012/03/29 04:12:47,75,27.5572,0
2012/03/29 04:14:13,75,27.5278,0
2012/03/29 04:15:40,75,27.6062,0
2012/03/29 04:17:06,75,27.4592,0
2012/03/29 04:18:33,75,27.5572,0
2012/03/29 04:19:59,75,27.4298,0
2012/03/29 04:21:26,75,27.6258,0
2012/03/29 04:22:52,75,27.5768,0
2012/03/29 04:24:18,75,27.4494,0
2012/03/29 04:25:45,75,27.567,0
2012/03/29 04:27:11,75,27.4886,0
2012/03/29 04:28:38,75,27.3906,0
2012/03/29 04:30:04,75,27.5082,0
2012/03/29 04:31:33,75,27.4396,0
2012/03/29 04:32:59,75,27.4396,0
2012/03/29 04:34:26,75,27.5866,0
2012/03/29 04:35:52,75,27.4494,0
2012/03/29 04:37:19,75,27.4592,0
2012/03/29 04:38:45,75,27.4102,0
2012/03/29 04:40:12,75,27.5278,0
2012/03/29 04:41:38,75,27.4984,0
2012/03/29 04:43:04,75,27.4886,0
2012/03/29 04:44:31,75,27.2534,0
2012/03/29 04:45:57,75,27.1946,0
2012/03/29 04:47:24,75,27.4004,0
2012/03/29 04:48:50,75,27.42,0
2012/03/29 04:50:17,75,27.3906,0
2012/03/29 04:51:43,75,27.3122,0
2012/03/29 04:53:09,75,27.4004,0
2012/03/29 04:54:36,75,27.4004,0
2012/03/29 04:56:02,75,27.2142,0
2012/03/29 04:57:29,75,27.3416,0
2012/03/29 04:58:55,75,27.3906,0
2012/03/29 05:00:22,75,27.4886,0
2012/03/29 05:01:48,75,27.322,0
2012/03/29 05:03:15,75,27.1456,0
2012/03/29 05:04:41,75,27.2632,0
2012/03/29 05:06:07,75,27.2338,0
2012/03/29 05:07:34,75,27.0966,0
2012/03/29 05:09:00,75,27.224,0
2012/03/29 05:10:27,75,27.2338,0
2012/03/29 05:11:53,75,27.0084,0
2012/03/29 05:13:20,75,27.3808,0
2012/03/29 05:14:46,75,27.1064,0
2012/03/29 05:16:13,75,27.0574,0
2012/03/29 05:17:39,75,27.028,0
2012/03/29 05:19:05,75,27.175,0
2012/03/29 05:20:32,75,27.0378,0
2012/03/29 05:21:58,75,27.0182,0
2012/03/29 05:23:25,75,27.126,0
2012/03/29 05:24:51,75,27.0182,0
2012/03/29 05:26:18,75,27.0672,0
2012/03/29 05:27:44,75,27.0966,0
2012/03/29 05:29:11,75,27.1064,0
2012/03/29 05:30:37,75,27.1554,0
2012/03/29 05:32:04,75,26.9104,0
2012/03/29 05:33:30,75,26.7928,0
2012/03/29 05:34:56,75,26.9986,0
2012/03/29 05:36:23,75,27.028,0
2012/03/29 05:37:49,75,26.979,0
2012/03/29 05:39:16,75,27.0574,0
2012/03/29 05:40:42,75,26.8614,0
2012/03/29 05:42:09,75,26.9496,0
2012/03/29 05:43:35,75,26.9888,0
2012/03/29 05:45:01,75,26.6458,0
2012/03/29 05:46:28,75,26.9986,0
2012/03/29 05:47:54,75,26.9692,0
2012/03/29 05:49:21,75,27.0378,0
2012/03/29 05:50:47,75,26.9692,0
2012/03/29 05:52:14,75,26.9888,0
2012/03/29 05:53:40,75,27.0084,0
2012/03/29 05:55:07,75,26.881,0
2012/03/29 05:56:33,75,26.9692,0
2012/03/29 05:58:00,75,26.6556,0
2012/03/29 05:59:26,75,26.7732,0
2012/03/29 06:00:52,75,26.9104,0
2012/03/29 06:02:19,75,26.9986,0
2012/03/29 06:03:45,75,26.3812,0
2012/03/29 06:05:12,75,26.8712,0
2012/03/29 06:06:38,75,26.9006,0
2012/03/29 06:08:05,75,26.685,0
2012/03/29 06:09:31,75,26.4204,0
2012/03/29 06:10:58,75,26.9104,0
2012/03/29 06:12:24,75,26.8418,0
2012/03/29 06:13:51,75,26.8222,0
2012/03/29 06:15:17,75,26.8124,0
2012/03/29 06:16:44,75,26.7144,0
2012/03/29 06:18:10,75,26.8124,0
2012/03/29 06:19:36,75,26.8712,0
2012/03/29 06:21:03,75,26.5674,0
2012/03/29 06:22:29,75,26.8712,0
2012/03/29 06:23:56,75,26.734,0
2012/03/29 06:25:22,75,26.8418,0
2012/03/29 06:26:49,75,26.6654,0
2012/03/29 06:28:15,75,26.587,0
2012/03/29 06:29:41,75,26.6262,0
2012/03/29 06:31:08,75,26.9006,0
2012/03/29 06:32:34,75,26.7536,0
2012/03/29 06:34:01,75,26.636,0
2012/03/29 06:35:27,75,26.685,0
2012/03/29 06:36:53,75,26.5772,0
2012/03/29 06:38:20,75,26.2244,0
2012/03/29 06:39:46,75,26.5184,0
2012/03/29 06:41:13,75,26.7438,0
2012/03/29 06:42:39,75,26.6752,0
2012/03/29 06:44:06,75,26.636,0
2012/03/29 06:45:32,75,26.5478,0
2012/03/29 06:46:59,75,26.5478,0
2012/03/29 06:48:25,75,26.636,0
2012/03/29 06:49:52,75,26.6262,0
2012/03/29 06:51:18,75,26.6458,0
2012/03/29 06:52:45,75,26.7144,0
2012/03/29 06:54:11,75,26.6262,0
2012/03/29 06:55:37,75,26.6752,0
2012/03/29 06:57:04,75,26.5478,0
2012/03/29 06:58:30,75,26.5282,0
2012/03/29 06:59:57,75,26.4988,0
2012/03/29 07:01:23,75,26.6458,0
2012/03/29 07:02:49,75,26.5576,0
2012/03/29 07:04:16,75,26.5282,0
2012/03/29 07:05:42,75,26.5184,0
2012/03/29 07:07:09,75,26.489,0
2012/03/29 07:08:35,75,26.587,0
2012/03/29 07:10:02,75,26.5576,0
2012/03/29 07:11:28,75,26.1362,0
2012/03/29 07:12:54,75,26.4988,0
2012/03/29 07:14:21,75,26.5086,0
2012/03/29 07:15:47,75,26.6752,0
2012/03/29 07:17:14,75,26.1656,0
2012/03/29 07:18:40,75,26.7438,0
2012/03/29 07:20:06,75,26.1264,0
2012/03/29 07:21:33,75,26.5478,0
2012/03/29 07:22:59,75,26.4988,0
2012/03/29 07:24:26,75,26.44,0
2012/03/29 07:25:52,75,26.5674,0
2012/03/29 07:27:19,75,26.587,0
2012/03/29 07:28:45,75,26.5086,0
2012/03/29 07:30:11,75,26.5478,0
2012/03/29 07:31:38,75,26.6164,0
2012/03/29 07:33:04,75,26.4988,0
2012/03/29 07:34:31,75,26.5674,0
2012/03/29 07:35:57,75,26.4988,0
2012/03/29 07:37:24,75,25.8618,0
2012/03/29 07:38:50,75,26.489,0
2012/03/29 07:40:16,75,26.4302,0
2012/03/29 07:41:43,75,26.5576,0
2012/03/29 07:43:09,75,26.44,0
2012/03/29 07:44:36,75,26.4694,0
2012/03/29 07:46:02,75,26.489,0
2012/03/29 07:47:28,75,26.7046,0
2012/03/29 07:48:55,75,26.048,0
2012/03/29 07:50:21,75,26.4008,0
2012/03/29 07:51:48,75,26.3322,0
2012/03/29 07:53:14,75,26.44,0
2012/03/29 07:54:40,75,26.4008,0
2012/03/29 07:56:07,75,26.1362,0
2012/03/29 07:57:33,75,25.9598,0
2012/03/29 07:59:00,75,26.3714,0
2012/03/29 08:00:26,75,26.489,0
2012/03/29 08:01:53,75,26.5086,0
2012/03/29 08:03:19,75,26.4498,0
2012/03/29 08:04:46,75,26.538,0
2012/03/29 08:06:12,75,26.4694,0
2012/03/29 08:07:39,75,25.5188,0
2012/03/29 08:09:05,75,26.538,0
2012/03/29 08:10:32,75,26.2538,0
2012/03/29 08:11:58,75,26.4792,0
2012/03/29 08:13:24,75,26.4988,0
2012/03/29 08:14:51,75,26.6164,0
2012/03/29 08:16:17,75,26.489,0
2012/03/29 08:17:44,75,26.5968,0
2012/03/29 08:19:10,75,26.4204,0
2012/03/29 08:20:37,75,26.4302,0
2012/03/29 08:22:03,75,26.391,0
2012/03/29 08:23:30,75,26.4988,0
2012/03/29 08:24:56,75,26.5478,0
2012/03/29 08:26:23,75,26.4596,0
2012/03/29 08:27:49,75,26.5086,0
2012/03/29 08:29:16,75,26.4596,0
2012/03/29 08:30:42,75,26.3714,0
2012/03/29 08:32:08,75,26.4596,0
2012/03/29 08:33:35,75,26.4498,0
2012/03/29 08:35:01,75,26.538,0
2012/03/29 08:36:28,75,26.44,0
2012/03/29 08:37:54,75,26.3714,0
2012/03/29 08:39:20,75,26.3714,0
2012/03/29 08:40:47,75,26.3616,0
2012/03/29 08:42:13,75,26.195,0
2012/03/29 08:43:40,75,26.2538,0
2012/03/29 08:45:06,75,26.3616,0
2012/03/29 08:46:33,75,26.4302,0
2012/03/29 08:47:59,75,26.5576,0
2012/03/29 08:49:25,75,26.4204,0
2012/03/29 08:50:52,75,26.4008,0
2012/03/29 08:52:18,75,26.538,0
2012/03/29 08:53:45,75,26.4302,0
2012/03/29 08:55:11,75,26.4106,0
2012/03/29 08:56:38,75,26.2342,0
2012/03/29 08:58:04,75,26.4792,0
2012/03/29 08:59:31,75,26.3322,0
2012/03/29 09:00:57,75,26.4988,0
2012/03/29 09:02:23,75,26.3812,0
2012/03/29 09:03:50,75,26.391,0
2012/03/29 09:05:16,75,26.5282,0
2012/03/29 09:06:43,75,26.0774,0
2012/03/29 09:08:09,75,26.0676,0
2012/03/29 09:09:36,75,26.4792,0
2012/03/29 09:11:02,75,26.5478,0
2012/03/29 09:12:29,75,26.1068,0
2012/03/29 09:13:55,75,26.4596,0
2012/03/29 09:15:21,75,26.4008,0
2012/03/29 09:16:48,75,26.0382,0
2012/03/29 09:18:14,75,26.4988,0
2012/03/29 09:19:41,75,26.1264,0
2012/03/29 09:21:07,75,26.2636,0
2012/03/29 09:22:34,75,26.4302,0
2012/03/29 09:24:00,75,26.3812,0
2012/03/29 09:25:27,75,26.3714,0
2012/03/29 09:26:53,75,26.146,0
2012/03/29 09:28:19,75,25.9794,0
2012/03/29 09:29:46,75,26.2048,0
2012/03/29 09:31:12,75,25.7932,0
2012/03/29 09:32:39,75,26.0872,0
2012/03/29 09:34:05,75,26.5086,0
2012/03/29 09:35:32,75,26.44,0
2012/03/29 09:36:58,75,26.244,0
2012/03/29 09:38:25,75,26.4988,0
2012/03/29 09:39:51,75,26.44,0
2012/03/29 09:41:17,75,26.6752,0
2012/03/29 09:42:44,75,26.391,0
2012/03/29 09:44:10,75,26.4204,0
2012/03/29 09:45:37,75,26.4302,0
2012/03/29 09:47:03,75,26.636,0
2012/03/29 09:48:30,75,26.6066,0
2012/03/29 09:49:56,75,26.5674,0
2012/03/29 09:51:23,75,26.685,0
2012/03/29 09:52:49,75,26.7438,0
2012/03/29 09:54:16,75,26.6556,0
2012/03/29 09:55:42,75,26.538,0
2012/03/29 09:57:09,75,26.7046,0
2012/03/29 09:58:35,75,26.7242,0
2012/03/29 10:00:01,75,26.7732,0
2012/03/29 10:01:28,75,26.7928,0
2012/03/29 10:02:54,75,26.8026,0
2012/03/29 10:04:21,75,26.9398,0
2012/03/29 10:05:47,75,26.9398,0
2012/03/29 10:07:14,75,26.7438,0
2012/03/29 10:08:40,75,26.9986,0
2012/03/29 10:10:06,75,27.1652,0
2012/03/29 10:11:33,75,26.9692,0
2012/03/29 10:12:59,75,27.0574,0
2012/03/29 10:14:26,75,27.1162,0
2012/03/29 10:15:54,75,27.126,0
2012/03/29 10:17:20,75,27.0574,0
2012/03/29 10:18:49,75,27.0672,0
2012/03/29 10:20:17,75,27.2828,0
2012/03/29 10:21:45,75,26.9496,0
2012/03/29 10:23:12,75,27.4494,0
2012/03/29 10:24:38,75,27.6846,0
2012/03/29 10:26:04,75,27.5768,0
2012/03/29 10:27:31,75,27.4004,0.005403
2012/03/29 10:29:08,75,27.4984,0
2012/03/29 10:32:34,75,27.0378,0
2012/03/29 10:36:20,70,27.273,0
2012/03/29 10:37:51,65,26.6752,0
2012/03/29 10:39:18,65,27.3318,0
2012/03/29 10:40:46,70,27.3318,0
2012/03/29 10:42:14,70,27.4788,0
2012/03/29 10:43:40,70,27.4004,0
2012/03/29 10:45:13,65,27.3514,0
2012/03/29 10:46:40,70,27.3612,0
2012/03/29 10:48:06,70,27.3808,0
2012/03/29 10:49:33,65,27.4886,0
2012/03/29 10:51:00,65,27.469,0
2012/03/29 10:52:28,65,27.3612,0
2012/03/29 10:53:56,65,27.4592,0
2012/03/29 10:55:25,65,27.469,0
2012/03/29 10:57:12,65,27.42,0
2012/03/29 10:58:59,65,27.2828,0
2012/03/29 11:00:29,65,27.4984,0
2012/03/29 11:01:57,65,27.5278,0
2012/03/29 11:03:25,65,27.4886,0
2012/03/29 11:05:13,65,27.1064,0
2012/03/29 11:06:41,65,27.3024,0
2012/03/29 11:08:09,65,27.518,0
2012/03/29 11:09:35,65,27.2338,0
2012/03/29 11:11:02,65,27.5376,0
2012/03/29 11:12:28,65,27.5768,0
2012/03/29 11:13:55,65,27.5278,0
2012/03/29 11:15:22,65,27.469,0
2012/03/29 11:16:48,70,27.518,0
2012/03/29 11:18:15,65,27.5278,0
2012/03/29 11:19:42,65,27.4494,0
2012/03/29 11:21:09,65,27.567,0
2012/03/29 11:22:35,75,27.5572,0
2012/03/29 11:24:02,65,27.518,0
2012/03/29 11:25:28,70,27.4494,0
2012/03/29 11:26:55,70,27.6454,0
2012/03/29 11:28:21,65,27.5572,0
2012/03/29 11:29:47,65,27.6062,0
2012/03/29 11:31:14,70,27.6062,0
2012/03/29 11:32:40,75,27.6944,0
2012/03/29 11:34:07,70,27.6944,0
2012/03/29 11:35:33,70,27.7532,0
2012/03/29 11:36:59,65,27.665,0
2012/03/29 11:38:26,70,27.7238,0
2012/03/29 11:39:52,75,27.8218,0
2012/03/29 11:41:19,75,27.812,0
2012/03/29 11:42:45,65,27.8904,0
2012/03/29 11:44:12,70,27.9394,0
2012/03/29 11:45:38,75,27.91,0
2012/03/29 11:47:04,65,27.9786,0
2012/03/29 11:48:31,70,27.9884,0
2012/03/29 11:49:58,70,27.8806,0
2012/03/29 11:51:24,75,27.9002,0
2012/03/29 11:52:50,70,27.9394,0
2012/03/29 11:54:17,70,27.9492,0
2012/03/29 11:55:43,75,28.1256,0
2012/03/29 11:57:10,70,27.9884,0
2012/03/29 11:58:36,65,28.1354,0
2012/03/29 12:00:02,70,28.1256,0
2012/03/29 12:01:29,65,28.1942,0
2012/03/29 12:02:55,75,28.1942,0
2012/03/29 12:04:22,70,28.1256,0
2012/03/29 12:05:49,70,28.3902,0
2012/03/29 12:07:16,70,28.2922,0
2012/03/29 12:08:42,70,28.351,0
2012/03/29 12:10:08,70,28.3706,0
2012/03/29 12:11:35,70,28.351,0
2012/03/29 12:13:01,70,28.1844,0
2012/03/29 12:14:28,70,28.449,0
2012/03/29 12:15:54,75,28.3118,0
2012/03/29 12:17:21,65,28.4392,0
2012/03/29 12:18:47,75,28.4098,0
2012/03/29 12:20:14,75,28.4,0
2012/03/29 12:21:40,65,28.5862,0
2012/03/29 12:23:07,65,28.4784,0
2012/03/29 12:24:33,70,28.4294,0
2012/03/29 12:25:59,70,28.5372,0
2012/03/29 12:27:26,65,28.5372,0
2012/03/29 12:28:52,65,28.5372,0
2012/03/29 12:30:19,70,28.7136,0
2012/03/29 12:31:45,65,28.3804,0
2012/03/29 12:33:12,70,28.5274,0
2012/03/29 12:34:38,65,28.5372,0
2012/03/29 12:36:04,65,28.547,0
2012/03/29 12:37:31,65,28.645,0
2012/03/29 12:38:57,65,28.841,0
2012/03/29 12:40:25,75,28.8606,0
2012/03/29 12:41:51,65,28.8508,0
2012/03/29 12:43:18,70,28.8606,0
2012/03/29 12:44:44,65,28.939,0
2012/03/29 12:46:11,75,28.8704,0
2012/03/29 12:47:37,75,28.8018,0
2012/03/29 12:49:03,90,28.8606,0
2012/03/29 12:50:30,80,29.0076,0
2012/03/29 12:51:56,65,28.8998,0
2012/03/29 12:53:23,65,28.9488,0
2012/03/29 12:54:49,65,28.89,0
2012/03/29 12:56:16,65,28.9096,0
2012/03/29 12:57:42,65,28.8704,0
2012/03/29 12:59:08,65,28.7234,0
2012/03/29 13:00:35,65,28.7822,0
2012/03/29 13:02:01,65,28.6254,0
2012/03/29 13:03:28,65,28.7332,0
2012/03/29 13:04:54,65,28.6156,0
2012/03/29 13:06:21,65,28.596,0
2012/03/29 13:07:47,65,28.5274,0
2012/03/29 13:09:14,65,28.3902,0
2012/03/29 13:10:40,65,28.3804,0
2012/03/29 13:12:07,65,28.4686,0
2012/03/29 13:13:33,65,28.5176,0
2012/03/29 13:15:00,65,28.4784,0
2012/03/29 13:16:26,65,28.1746,0
2012/03/29 13:17:53,65,28.4196,0
2012/03/29 13:19:19,65,28.2628,0
2012/03/29 13:20:45,65,28.4,0
2012/03/29 13:22:12,65,28.4196,0
2012/03/29 13:23:38,65,28.3804,0
2012/03/29 13:25:05,65,28.3902,0
2012/03/29 13:26:31,65,28.3804,0
2012/03/29 13:27:58,65,28.3902,0
2012/03/29 13:29:24,65,28.3608,0
2012/03/29 13:30:51,65,28.3608,0
2012/03/29 13:32:17,65,27.8218,0
2012/03/29 13:33:44,65,28.0962,0
2012/03/29 13:35:10,65,28.0864,0
2012/03/29 13:36:36,65,28.0276,0
2012/03/29 13:38:03,65,28.0178,0
2012/03/29 13:39:29,65,27.8414,0
2012/03/29 13:40:56,65,27.8904,0
2012/03/29 13:42:31,65,28.008,0
2012/03/29 13:43:58,65,27.9688,0
2012/03/29 13:45:24,65,27.9198,0
2012/03/29 13:46:50,65,27.9394,0
2012/03/29 13:48:17,65,27.812,0
2012/03/29 13:49:43,65,27.959,0
2012/03/29 13:51:10,65,27.8512,0
2012/03/29 13:52:36,65,27.8806,0
2012/03/29 13:54:03,65,27.616,0
2012/03/29 13:55:29,65,27.9002,0
2012/03/29 13:56:56,65,27.9296,0
2012/03/29 13:58:22,65,27.9394,0
2012/03/29 13:59:49,65,27.6944,0
2012/03/29 14:01:15,65,27.7532,0
2012/03/29 14:02:42,65,27.6846,0
2012/03/29 14:04:08,65,27.6454,0
2012/03/29 14:05:34,65,27.6552,0
2012/03/29 14:07:01,65,27.6062,0
2012/03/29 14:08:27,65,27.616,0
2012/03/29 14:09:55,65,27.5964,0
2012/03/29 17:54:08,75,29.4486,0
2012/03/29 17:55:39,75,28.8214,0
2012/03/29 17:57:06,75,29.0468,0
2012/03/29 17:58:32,75,29.086,0
2012/03/29 17:59:59,75,29.331,0
2012/03/29 18:01:25,75,29.4094,0
2012/03/29 18:02:52,75,29.233,0
2012/03/29 18:04:18,75,28.6548,0
2012/03/29 18:05:45,75,29.1644,0
2012/03/29 18:07:11,75,29.0566,0
2012/03/29 18:08:38,75,29.1252,0
2012/03/29 18:10:04,75,29.184,0
2012/03/29 18:11:31,75,28.988,0
2012/03/29 18:12:57,75,28.547,0
2012/03/29 18:14:24,75,29.0468,0
2012/03/29 18:15:50,75,28.9978,0
2012/03/29 18:17:17,75,28.6646,0
2012/03/29 18:18:43,75,28.9684,0
2012/03/29 18:20:10,75,28.9096,0
2012/03/29 18:21:36,75,28.9978,0
2012/03/29 18:23:03,75,28.89,0
2012/03/29 18:24:30,75,28.939,0
2012/03/29 18:25:56,75,28.9488,0
2012/03/29 18:27:23,75,28.8704,0
2012/03/29 18:28:49,75,28.8606,0
2012/03/29 18:30:16,75,28.939,0
2012/03/29 18:31:42,75,28.9194,0
2012/03/29 18:33:08,75,28.89,0
2012/03/29 18:34:35,75,29.037,0
2012/03/29 18:36:01,75,28.9782,0
2012/03/29 18:37:28,75,28.8704,0
2012/03/29 18:38:54,75,28.7724,0
2012/03/29 18:40:21,75,29.0076,0
2012/03/29 18:41:47,75,28.792,0
2012/03/29 18:43:14,75,29.0272,0
2012/03/29 18:44:40,75,28.8214,0
2012/03/29 18:46:07,75,28.89,0
2012/03/29 18:47:33,75,28.8312,0
2012/03/29 18:49:00,75,28.7528,0
2012/03/29 18:50:26,80,28.8606,0
2012/03/29 18:51:53,75,28.645,0
2012/03/29 18:53:19,75,28.057,0
2012/03/29 18:54:46,75,28.4686,0
2012/03/29 18:56:12,75,28.596,0
2012/03/29 18:57:39,75,28.7038,0
2012/03/29 18:59:05,75,28.6646,0
2012/03/29 19:00:52,75,28.6058,0
2012/03/29 19:02:18,75,28.6156,0
2012/03/29 19:03:45,75,28.792,0
2012/03/29 19:05:11,75,28.6744,0
2012/03/29 19:06:38,75,28.939,0
2012/03/29 19:08:04,75,28.89,0
2012/03/29 19:09:31,75,28.4588,0
2012/03/29 19:10:57,75,28.939,0
2012/03/29 19:12:24,75,28.449,0
2012/03/29 19:13:50,75,28.9488,0
2012/03/29 19:15:17,75,28.6156,0
2012/03/29 19:16:43,75,28.7822,0
2012/03/29 19:18:10,75,28.6548,0
2012/03/29 19:19:36,75,28.7234,0
2012/03/29 19:21:03,75,28.6058,0
2012/03/29 19:22:29,75,28.5666,0
2012/03/29 19:23:56,75,28.498,0
2012/03/29 19:25:22,75,28.7038,0
2012/03/29 19:26:49,75,28.5666,0
2012/03/29 19:28:15,75,28.7528,0
2012/03/29 19:29:42,75,28.7528,0
2012/03/29 19:31:08,75,28.7136,0
2012/03/29 19:32:35,75,28.7332,0
2012/03/29 19:34:01,75,28.8312,0.003492
2012/03/29 19:35:28,75,28.9096,0
2012/03/29 19:36:54,75,28.792,0
2012/03/29 19:38:21,75,28.6352,0
2012/03/29 19:39:47,75,28.6842,0
2012/03/29 19:41:14,75,27.8218,0
2012/03/29 19:42:40,75,28.5764,0
2012/03/29 19:44:07,75,28.5666,0
2012/03/29 19:45:33,75,28.498,0
2012/03/29 19:47:00,75,28.4686,0
2012/03/29 19:48:26,75,28.6548,0
2012/03/29 19:49:53,75,28.5078,0
2012/03/29 19:51:19,75,28.4588,0
2012/03/29 19:52:45,75,28.3902,0
2012/03/29 19:54:12,75,28.5176,0
2012/03/29 19:55:38,75,28.4098,0
2012/03/29 19:57:05,75,28.4686,0
2012/03/29 19:58:31,75,28.449,0
2012/03/29 19:59:58,75,28.4,0
2012/03/29 20:01:24,75,28.4294,0
2012/03/29 20:02:51,75,28.4294,0
2012/03/29 20:04:17,75,28.5078,0
2012/03/29 20:05:43,75,28.5274,0
2012/03/29 20:07:10,75,27.8022,0
2012/03/29 20:08:36,75,28.351,0
2012/03/29 20:10:03,75,28.5078,0
2012/03/29 20:11:29,75,28.4098,0
2012/03/29 20:12:56,75,28.6156,0
2012/03/29 20:14:22,75,28.4294,0
2012/03/29 20:15:49,75,28.5176,0
2012/03/29 20:17:15,75,28.4784,0
2012/03/29 20:18:42,75,28.3118,0
2012/03/29 20:20:08,75,28.2334,0
2012/03/29 20:21:35,75,28.3608,0
2012/03/29 20:23:01,75,28.1256,0
2012/03/29 20:24:28,75,28.351,0
2012/03/29 20:25:54,75,28.2922,0
2012/03/29 20:27:21,75,28.3706,0
2012/03/29 20:28:47,75,28.0962,0
2012/03/29 20:30:14,75,27.9688,0
2012/03/29 20:31:40,75,28.0472,0
2012/03/29 20:33:06,75,28.057,0
2012/03/29 20:34:33,75,28.0276,0
2012/03/29 20:36:00,75,28.0374,0
2012/03/29 20:37:26,75,28.0276,0
2012/03/29 20:38:52,75,28.0276,0
2012/03/29 20:40:19,75,28.0864,0
2012/03/29 20:41:45,75,28.057,0
2012/03/29 20:43:12,75,27.9492,0
2012/03/29 20:44:38,75,28.0668,0
2012/03/29 20:46:05,75,28.008,0
2012/03/29 20:47:31,75,27.9884,0
2012/03/29 20:48:58,75,27.9688,0
2012/03/29 20:50:24,75,28.0178,0
2012/03/29 20:51:51,75,27.9884,0
2012/03/29 20:53:17,75,27.9884,0
2012/03/29 20:54:44,75,27.8904,0
2012/03/29 20:56:10,75,27.9198,0
2012/03/29 20:57:37,75,27.8806,0
2012/03/29 20:59:03,75,27.6748,0
2012/03/29 21:00:30,75,27.9002,0
2012/03/29 21:01:56,75,27.9198,0
2012/03/29 21:03:23,75,27.8806,0
2012/03/29 21:04:49,75,28.0276,0
2012/03/29 21:06:16,75,27.8316,0
2012/03/29 21:07:42,75,27.8414,0
2012/03/29 21:09:09,75,27.763,0
2012/03/29 21:10:35,75,27.4886,0
2012/03/29 21:12:02,75,27.7238,0
2012/03/29 21:13:29,75,27.1946,0
2012/03/29 21:14:55,75,27.6356,0
2012/03/29 21:16:22,75,27.7434,0
2012/03/29 21:17:48,75,27.7336,0
2012/03/29 21:19:14,75,27.5376,0
2012/03/29 21:20:41,75,27.6258,0
2012/03/29 21:22:07,75,27.7434,0
2012/03/29 21:23:34,75,27.6258,0
2012/03/29 21:25:00,75,27.42,0
2012/03/29 21:26:27,75,27.5278,0
2012/03/29 21:27:53,75,27.0966,0
2012/03/29 21:29:20,75,27.6062,0
2012/03/29 21:30:46,75,27.4984,0
2012/03/29 21:32:13,75,27.6846,0
2012/03/29 21:33:39,75,27.3024,0
2012/03/29 21:35:06,75,26.9986,0
2012/03/29 21:36:32,75,27.3024,0
2012/03/29 21:37:59,75,27.5474,0
2012/03/29 21:39:25,75,26.93,0
2012/03/29 21:40:52,75,27.5866,0
2012/03/29 21:42:18,75,27.4984,0
2012/03/29 21:43:45,75,27.4788,0
2012/03/29 21:45:11,75,27.2044,0
2012/03/29 21:46:38,75,27.5572,0
2012/03/29 21:48:04,75,27.6062,0
2012/03/29 21:49:31,75,27.5376,0
2012/03/29 21:50:57,75,27.5474,0
2012/03/29 21:52:24,75,26.979,0
2012/03/29 21:53:50,75,26.8614,0
2012/03/29 21:55:17,75,27.4298,0
2012/03/29 21:56:43,75,27.4102,0
2012/03/29 21:58:10,75,27.4886,0
2012/03/29 21:59:36,75,27.4298,0
2012/03/29 22:01:03,75,27.5474,0
2012/03/29 22:02:29,75,27.4592,0
2012/03/29 22:03:56,75,27.0182,0
2012/03/29 22:05:22,75,27.5082,0
2012/03/29 22:06:49,75,27.4592,0
2012/03/29 22:08:15,75,27.2926,0
2012/03/29 22:09:42,75,27.518,0
2012/03/29 22:11:08,75,27.5768,0
2012/03/29 22:12:34,75,27.4298,0
2012/03/29 22:14:01,75,27.4494,0
2012/03/29 22:15:27,75,27.3906,0
2012/03/29 22:16:54,75,27.5278,0
2012/03/29 22:18:20,75,27.4788,0
2012/03/29 22:19:47,75,27.4788,0
2012/03/29 22:21:13,75,27.2534,0
2012/03/29 22:22:39,75,27.4102,0
2012/03/29 22:24:06,75,27.3906,0
2012/03/29 22:25:32,75,27.4396,0
2012/03/29 22:26:59,75,27.469,0
2012/03/29 22:28:25,75,26.9104,0
2012/03/29 22:29:52,75,27.2926,0
2012/03/29 22:31:19,75,27.2926,0
2012/03/29 22:32:45,75,27.371,0
2012/03/29 22:34:11,75,27.2044,0
2012/03/29 22:35:38,75,27.4396,0
2012/03/29 22:37:04,75,27.518,0
2012/03/29 22:38:31,75,27.3024,0
2012/03/29 22:39:57,75,27.4494,0
2012/03/29 22:41:24,75,27.42,0
2012/03/29 22:42:50,75,27.4788,0
2012/03/29 22:44:17,75,27.469,0
2012/03/29 22:45:43,75,27.175,0
2012/03/29 22:47:10,75,27.2534,0
2012/03/29 22:48:36,75,27.3906,0
2012/03/29 22:50:03,75,27.4102,0
2012/03/29 22:51:29,75,27.028,0
2012/03/29 22:52:56,75,27.371,0
2012/03/29 22:54:22,75,27.126,0
2012/03/29 22:55:49,75,27.3024,0
2012/03/29 22:57:15,75,27.2142,0
2012/03/29 22:58:41,75,27.2632,0
2012/03/29 23:00:08,75,27.2534,0
2012/03/29 23:01:34,75,27.224,0
2012/03/29 23:03:01,75,26.7928,0
2012/03/29 23:04:27,75,27.1064,0
2012/03/29 23:05:54,75,27.2142,0
2012/03/29 23:07:20,75,27.1554,0
2012/03/29 23:08:47,75,27.0672,0
2012/03/29 23:10:13,75,27.2534,0
2012/03/29 23:11:40,75,27.126,0
2012/03/29 23:13:06,75,27.2828,0
2012/03/29 23:14:33,75,27.2534,0
2012/03/29 23:15:59,75,27.1554,0
2012/03/29 23:17:26,75,27.126,0
2012/03/29 23:18:52,75,27.0966,0
2012/03/29 23:20:19,75,26.9202,0
2012/03/29 23:21:45,75,27.2142,0
2012/03/29 23:23:12,75,27.0378,0
2012/03/29 23:24:38,75,27.2142,0
2012/03/29 23:26:05,75,27.0476,0
2012/03/29 23:27:31,75,27.0476,0
2012/03/29 23:28:58,75,27.028,0
2012/03/29 23:30:24,75,27.0868,0
2012/03/29 23:31:51,75,27.1162,0
2012/03/29 23:33:17,75,26.9692,0
2012/03/29 23:34:44,75,27.1358,0
2012/03/29 23:36:10,75,26.9692,0
2012/03/29 23:37:37,75,27.0476,0
2012/03/29 23:39:03,75,27.1456,0
2012/03/29 23:40:30,75,27.028,0
2012/03/29 23:41:56,75,26.8124,0
2012/03/29 23:43:23,75,26.9986,0
2012/03/29 23:44:49,75,27.0574,0
2012/03/29 23:46:16,75,26.93,0
2012/03/29 23:47:42,75,27.1064,0
2012/03/29 23:49:08,75,27.028,0
2012/03/29 23:50:35,75,27.0084,0
2012/03/29 23:52:02,75,27.0574,0
2012/03/29 23:53:28,75,27.077,0
2012/03/29 23:54:54,75,26.5576,0
2012/03/29 23:56:21,75,27.0868,0
2012/03/29 23:57:47,75,26.979,0
2012/03/29 23:59:14,75,27.0182,0
2012/03/30 00:00:40,75,26.979,0
2012/03/30 00:02:07,75,26.9594,0
2012/03/30 00:03:33,75,26.8908,0
2012/03/30 00:05:00,75,27.0182,0
2012/03/30 00:06:26,75,26.587,0
2012/03/30 00:07:53,75,26.979,0
2012/03/30 00:09:19,75,26.9888,0
2012/03/30 00:10:46,75,26.881,0
2012/03/30 00:12:12,75,26.9104,0
2012/03/30 00:13:39,75,26.9594,0
2012/03/30 00:15:05,75,26.9496,0
2012/03/30 00:16:32,75,26.9594,0
2012/03/30 00:17:58,75,26.979,0
2012/03/30 00:19:25,75,26.9496,0
2012/03/30 00:20:51,75,26.6458,0
2012/03/30 00:22:18,75,26.9692,0
2012/03/30 00:23:44,75,27.0084,0
2012/03/30 00:25:11,75,26.9104,0
2012/03/30 00:26:37,75,26.342,0
2012/03/30 00:28:04,75,27.0672,0
2012/03/30 00:29:30,75,26.7242,0
2012/03/30 00:30:57,75,26.9594,0
2012/03/30 00:32:23,75,27.0084,0
2012/03/30 00:33:50,75,26.881,0
2012/03/30 00:35:16,75,26.8222,0
2012/03/30 00:36:42,75,26.9692,0
2012/03/30 00:38:09,75,26.8614,0
2012/03/30 00:39:36,75,26.7536,0
2012/03/30 00:41:02,75,26.8418,0
2012/03/30 00:42:28,75,26.7928,0
2012/03/30 00:43:55,75,26.7144,0
2012/03/30 00:45:21,75,26.8712,0
2012/03/30 00:46:48,75,26.8614,0
2012/03/30 00:48:14,75,26.6556,0
2012/03/30 00:49:41,75,26.9202,0
2012/03/30 00:51:07,75,26.8124,0
2012/03/30 00:52:34,75,26.9006,0
2012/03/30 00:54:00,75,26.2734,0
2012/03/30 00:55:27,75,26.7046,0
2012/03/30 00:56:53,75,26.6654,0
2012/03/30 00:58:20,75,26.7928,0
2012/03/30 00:59:46,75,26.7046,0
2012/03/30 01:01:13,75,26.685,0
2012/03/30 01:02:39,75,26.5576,0
2012/03/30 01:04:06,75,26.8418,0
2012/03/30 01:05:32,75,26.7634,0
2012/03/30 01:06:59,75,26.7242,0
2012/03/30 01:08:25,75,26.8222,0
2012/03/30 01:09:52,75,26.587,0
2012/03/30 01:11:18,75,26.6164,0
2012/03/30 01:12:45,75,26.8614,0
2012/03/30 01:14:11,75,26.538,0
2012/03/30 01:15:38,75,26.6262,0
2012/03/30 01:17:04,75,26.5968,0
2012/03/30 01:18:31,75,26.5282,0
2012/03/30 01:19:57,75,26.6752,0
2012/03/30 01:21:24,75,26.4596,0
2012/03/30 01:22:50,75,26.5772,0
2012/03/30 01:24:17,75,26.44,0
2012/03/30 01:25:43,75,26.538,0
2012/03/30 01:27:10,75,26.489,0
2012/03/30 01:28:36,75,26.587,0
2012/03/30 01:30:03,75,26.5184,0
2012/03/30 01:31:29,75,26.1264,0
2012/03/30 01:32:56,75,26.5674,0
2012/03/30 01:34:22,75,26.6948,0
2012/03/30 01:35:49,75,26.5674,0
2012/03/30 01:37:15,75,26.489,0
2012/03/30 01:38:41,75,26.5968,0
2012/03/30 01:40:08,75,26.538,0
2012/03/30 01:41:34,75,26.6262,0
2012/03/30 01:43:01,75,26.5086,0
2012/03/30 01:44:27,75,26.4694,0
2012/03/30 01:45:54,75,26.5576,0
2012/03/30 01:47:20,75,26.4988,0
2012/03/30 01:48:47,75,26.7046,0
2012/03/30 01:50:13,75,26.489,0
2012/03/30 01:51:40,75,25.9794,0
2012/03/30 01:53:06,75,26.5772,0
2012/03/30 01:54:33,75,26.6066,0
2012/03/30 01:55:59,75,26.4694,0
2012/03/30 01:57:25,75,26.685,0
2012/03/30 01:58:52,75,26.5478,0
2012/03/30 02:00:18,75,26.6262,0
2012/03/30 02:01:45,75,26.5282,0
2012/03/30 02:03:11,75,26.5674,0
2012/03/30 02:04:38,75,26.538,0
2012/03/30 02:06:04,75,26.5968,0
2012/03/30 02:07:31,75,26.587,0
2012/03/30 02:08:57,75,26.293,0
2012/03/30 02:10:24,75,26.0578,0
2012/03/30 02:11:50,75,26.6654,0
2012/03/30 02:13:17,75,26.538,0
2012/03/30 02:14:43,75,26.587,0
2012/03/30 02:16:10,75,26.5968,0
2012/03/30 02:17:36,75,26.538,0
2012/03/30 02:19:03,75,26.4498,0
2012/03/30 02:20:29,75,26.4204,0
2012/03/30 02:21:56,75,26.5576,0
2012/03/30 02:23:22,75,26.3126,0
2012/03/30 02:24:49,75,26.3518,0
2012/03/30 02:26:15,75,26.4988,0
2012/03/30 02:27:43,75,26.4792,0
2012/03/30 02:29:21,75,26.2832,0
2012/03/30 02:30:48,75,26.4694,0
2012/03/30 02:32:14,75,26.5478,0
2012/03/30 02:33:41,75,26.4792,0
2012/03/30 02:35:07,75,26.5282,0
2012/03/30 02:36:34,75,26.4596,0
2012/03/30 02:38:00,75,26.44,0
2012/03/30 02:39:27,75,26.4792,0
2012/03/30 02:40:53,75,26.4792,0
2012/03/30 02:42:20,75,26.4694,0
2012/03/30 02:43:46,75,26.5674,0
2012/03/30 02:45:13,75,26.587,0
2012/03/30 02:46:40,75,26.4106,0
2012/03/30 02:48:06,75,26.44,0
2012/03/30 02:49:33,75,26.4596,0
2012/03/30 02:50:59,75,26.4008,0
2012/03/30 02:52:26,75,26.4988,0
2012/03/30 02:53:52,75,26.489,0
2012/03/30 02:55:19,75,26.4694,0
2012/03/30 02:56:45,75,26.391,0
2012/03/30 02:58:12,75,26.4302,0
2012/03/30 02:59:38,75,26.3224,0
2012/03/30 03:01:05,75,26.587,0
2012/03/30 03:02:31,75,26.5086,0
2012/03/30 03:03:58,75,26.5282,0
2012/03/30 03:05:24,75,26.44,0
2012/03/30 03:06:51,75,26.4498,0
2012/03/30 03:08:18,75,25.6658,0
2012/03/30 03:09:45,75,26.4792,0
2012/03/30 03:11:11,75,26.4106,0
2012/03/30 03:12:38,75,26.4792,0
2012/03/30 03:14:04,75,26.3322,0
2012/03/30 03:15:30,75,26.3812,0
2012/03/30 03:16:57,75,26.4792,0
2012/03/30 03:18:23,75,26.0676,0
2012/03/30 03:19:50,75,26.4106,0
2012/03/30 03:21:16,75,26.538,0
2012/03/30 03:22:43,75,26.3518,0
2012/03/30 03:24:09,75,26.391,0
2012/03/30 03:25:36,75,26.5576,0
2012/03/30 03:27:02,75,26.5086,0
2012/03/30 03:28:29,75,26.4302,0
2012/03/30 03:29:55,75,26.3518,0
2012/03/30 03:31:21,75,26.4694,0
2012/03/30 03:32:48,75,26.4204,0
2012/03/30 03:34:14,75,26.2832,0
2012/03/30 03:35:41,75,26.4988,0
2012/03/30 03:37:07,75,26.2244,0
2012/03/30 03:38:33,75,26.1754,0
2012/03/30 03:40:00,75,26.3028,0
2012/03/30 03:41:26,75,26.5478,0
2012/03/30 03:42:53,75,26.342,0
2012/03/30 03:44:19,75,26.5282,0
2012/03/30 03:45:46,75,26.3322,0
2012/03/30 03:47:12,75,26.1852,0
2012/03/30 03:48:39,75,26.3812,0
2012/03/30 03:50:05,75,26.5184,0
2012/03/30 03:51:32,75,26.4204,0
2012/03/30 03:52:58,75,26.4596,0
2012/03/30 03:54:25,75,26.293,0
2012/03/30 03:55:51,75,26.2636,0
2012/03/30 03:57:18,75,26.4596,0
2012/03/30 03:58:44,75,26.4204,0
2012/03/30 04:00:10,75,26.4792,0
2012/03/30 04:01:37,75,26.5086,0
2012/03/30 04:03:03,75,26.2146,0
2012/03/30 04:04:30,75,26.4008,0
2012/03/30 04:05:56,75,26.4302,0
2012/03/30 04:07:23,75,26.2048,0
2012/03/30 04:08:49,75,26.3028,0
2012/03/30 04:10:15,75,26.2832,0
2012/03/30 04:11:42,75,26.1166,0
2012/03/30 04:13:08,75,26.391,0
2012/03/30 04:14:35,75,26.0676,0
2012/03/30 04:16:01,75,26.2636,0
2012/03/30 04:17:28,75,26.3322,0
2012/03/30 04:18:54,75,26.2832,0
2012/03/30 04:20:21,75,26.3714,0
2012/03/30 04:21:47,75,26.293,0
2012/03/30 04:23:14,75,26.1656,0
2012/03/30 04:24:40,75,26.2342,0
2012/03/30 04:26:07,75,26.0186,0
2012/03/30 04:27:33,75,26.2636,0
2012/03/30 04:29:00,75,26.2342,0
2012/03/30 04:30:26,75,26.244,0
2012/03/30 04:31:52,75,25.8422,0
2012/03/30 04:33:19,75,25.7442,0
2012/03/30 04:34:45,75,26.3028,0
2012/03/30 04:36:12,75,26.146,0
2012/03/30 04:37:38,75,26.195,0
2012/03/30 04:39:05,75,26.2734,0
2012/03/30 04:40:31,75,26.2734,0
2012/03/30 04:41:57,75,26.195,0
2012/03/30 04:43:24,75,26.293,0
2012/03/30 04:44:50,75,26.3714,0
2012/03/30 04:46:17,75,26.0578,0
2012/03/30 04:47:43,75,25.705,0
2012/03/30 04:49:10,75,26.2342,0
2012/03/30 04:50:36,75,26.0088,0
2012/03/30 04:52:02,75,26.146,0
2012/03/30 04:53:29,75,26.3028,0
2012/03/30 04:54:55,75,26.0578,0
2012/03/30 04:56:22,75,26.0774,0
2012/03/30 04:57:48,75,26.2146,0
2012/03/30 04:59:15,75,25.1758,0
2012/03/30 05:00:41,75,25.9696,0
2012/03/30 05:02:08,75,26.0578,0
2012/03/30 05:03:34,75,26.1068,0
2012/03/30 05:05:00,75,26.0088,0
2012/03/30 05:06:27,75,26.195,0
2012/03/30 05:07:53,75,26.1264,0
2012/03/30 05:09:20,75,26.2342,0
2012/03/30 05:10:46,75,26.1362,0
2012/03/30 05:12:13,75,26.1852,0
2012/03/30 05:13:39,75,26.1166,0
2012/03/30 05:15:06,75,26.146,0
2012/03/30 05:16:32,75,26.1754,0
2012/03/30 05:17:58,75,25.8226,0
2012/03/30 05:19:25,75,26.195,0
2012/03/30 05:20:51,75,26.0284,0
2012/03/30 05:22:18,75,26.1264,0
2012/03/30 05:23:44,75,26.1558,0
2012/03/30 05:25:11,75,25.5384,0
2012/03/30 05:26:37,75,26.293,0
2012/03/30 05:28:04,75,26.0578,0
2012/03/30 05:29:30,75,26.2048,0
2012/03/30 05:30:57,75,26.1068,0
2012/03/30 05:32:23,75,25.9794,0
2012/03/30 05:33:50,75,25.999,0
2012/03/30 05:35:16,75,25.6952,0
2012/03/30 05:36:42,75,25.9794,0
2012/03/30 05:38:09,75,26.2146,0
2012/03/30 05:39:35,75,26.0284,0
2012/03/30 05:41:02,75,25.9206,0
2012/03/30 05:42:28,75,26.0676,0
2012/03/30 05:43:55,75,26.1754,0
2012/03/30 05:45:21,75,26.0186,0
2012/03/30 05:46:48,75,26.048,0
2012/03/30 05:48:14,75,25.9304,0
2012/03/30 05:49:41,75,26.0676,0
2012/03/30 05:51:07,75,26.1362,0
2012/03/30 05:52:33,75,26.0676,0
2012/03/30 05:54:00,75,26.097,0
2012/03/30 05:55:26,75,26.1166,0
2012/03/30 05:56:53,75,26.0578,0
2012/03/30 05:58:19,75,25.9598,0
2012/03/30 05:59:46,75,26.0578,0
2012/03/30 06:01:12,75,25.7344,0
2012/03/30 06:02:39,75,26.0872,0
2012/03/30 06:04:05,75,26.1264,0
2012/03/30 06:05:32,75,25.9696,0
2012/03/30 06:06:58,75,26.195,0
2012/03/30 06:08:25,75,25.9108,0
2012/03/30 06:09:51,75,26.0774,0
2012/03/30 06:11:17,75,25.9206,0
2012/03/30 06:12:44,75,26.0284,0
2012/03/30 06:14:10,75,25.9304,0
2012/03/30 06:15:37,75,26.0284,0
2012/03/30 06:17:03,75,25.9108,0
2012/03/30 06:18:30,75,26.0284,0
2012/03/30 06:19:56,75,26.1362,0
2012/03/30 06:21:23,75,25.9598,0
2012/03/30 06:22:49,75,26.0676,0
2012/03/30 06:24:15,75,26.0186,0
2012/03/30 06:25:42,75,25.8814,0
2012/03/30 06:27:08,75,26.0872,0
2012/03/30 06:28:35,75,25.9892,0
2012/03/30 06:30:01,75,26.1558,0
2012/03/30 06:31:28,75,25.852,0
2012/03/30 06:32:54,75,26.0676,0
2012/03/30 06:34:21,75,26.1166,0
2012/03/30 06:35:47,75,25.5972,0
2012/03/30 06:37:14,75,25.9402,0
2012/03/30 06:38:40,75,25.7834,0
2012/03/30 06:40:06,75,25.9402,0
2012/03/30 06:41:33,75,26.1362,0
2012/03/30 06:42:59,75,25.9108,0
2012/03/30 06:44:26,75,26.0186,0
2012/03/30 06:45:52,75,25.9696,0
2012/03/30 06:47:19,75,26.0088,0
2012/03/30 06:48:45,75,25.8912,0
2012/03/30 06:50:12,75,25.9696,0
2012/03/30 06:51:38,75,25.95,0
2012/03/30 06:53:05,75,25.9304,0
2012/03/30 06:54:31,75,26.0676,0
2012/03/30 06:55:57,75,25.9108,0
2012/03/30 06:57:24,75,25.9108,0
2012/03/30 06:58:50,75,26.048,0
2012/03/30 07:00:17,75,25.9304,0
2012/03/30 07:01:43,75,26.0774,0
2012/03/30 07:03:10,75,25.8814,0
2012/03/30 07:04:36,75,25.999,0
2012/03/30 07:06:02,75,25.5874,0
2012/03/30 07:07:29,75,25.852,0
2012/03/30 07:08:55,75,25.8716,0
2012/03/30 07:10:22,75,25.9108,0
2012/03/30 07:11:48,75,25.9206,0
2012/03/30 07:13:15,75,25.9402,0
2012/03/30 07:14:41,75,26.0088,0
2012/03/30 07:16:07,75,25.8226,0
2012/03/30 07:17:34,75,25.7148,0
2012/03/30 07:19:00,75,26.0284,0
2012/03/30 07:20:27,75,25.6266,0
2012/03/30 07:21:53,75,25.8912,0
2012/03/30 07:23:20,75,25.8226,0
2012/03/30 07:24:46,75,25.8618,0
2012/03/30 07:26:13,75,25.7148,0
2012/03/30 07:27:39,75,25.7638,0
2012/03/30 07:29:06,75,25.705,0
2012/03/30 07:30:32,75,25.705,0
2012/03/30 07:31:59,75,25.7442,0
2012/03/30 07:33:25,75,25.9794,0
2012/03/30 07:34:51,75,25.8618,0
2012/03/30 07:36:18,75,25.7442,0
2012/03/30 07:37:44,75,25.9304,0
2012/03/30 07:39:11,75,25.8128,0
2012/03/30 07:40:37,75,25.7736,0
2012/03/30 07:42:04,75,25.9402,0
2012/03/30 07:43:30,75,26.0284,0
2012/03/30 07:44:57,75,25.9892,0
2012/03/30 07:46:23,75,25.9696,0
2012/03/30 07:47:50,75,25.8226,0
2012/03/30 07:49:16,75,25.9892,0
2012/03/30 07:50:43,75,25.3914,0
2012/03/30 07:52:09,75,25.9794,0
2012/03/30 07:53:35,75,26.048,0
2012/03/30 07:55:02,75,26.0186,0
2012/03/30 07:56:28,75,26.097,0
2012/03/30 07:57:55,75,25.9892,0
2012/03/30 07:59:21,75,25.95,0
2012/03/30 08:00:48,75,26.0872,0
2012/03/30 08:02:14,75,26.1166,0
2012/03/30 08:03:41,75,26.0382,0
2012/03/30 08:05:07,75,26.1264,0
2012/03/30 08:06:34,75,26.1558,0
2012/03/30 08:08:00,75,26.1754,0
2012/03/30 08:09:27,75,26.3028,0
2012/03/30 08:10:53,75,26.2342,0
2012/03/30 08:12:20,75,26.1754,0
2012/03/30 08:13:46,75,26.2538,0
2012/03/30 08:15:13,75,26.2538,0
2012/03/30 08:16:39,75,26.4596,0
2012/03/30 08:18:06,75,26.2244,0
2012/03/30 08:19:32,75,25.8814,0
2012/03/30 08:20:59,75,26.3322,0
2012/03/30 08:22:25,75,26.4106,0
2012/03/30 08:23:52,75,26.1656,0
2012/03/30 08:25:18,75,26.4694,0
2012/03/30 08:26:45,75,26.3616,0
2012/03/30 08:28:11,75,26.489,0
2012/03/30 08:29:38,75,26.5282,0
2012/03/30 08:31:04,75,26.1558,0
2012/03/30 08:32:31,75,26.4596,0
2012/03/30 08:33:57,75,26.4498,0
2012/03/30 08:35:24,75,26.3224,0
2012/03/30 08:36:50,75,26.5478,0
2012/03/30 08:38:17,75,26.342,0
2012/03/30 08:39:43,75,26.2734,0
2012/03/30 08:41:10,75,26.2636,0
2012/03/30 08:42:36,75,26.6066,0
2012/03/30 08:44:03,75,26.4204,0
2012/03/30 08:45:29,75,26.4792,0
2012/03/30 08:46:55,75,26.5184,0
2012/03/30 08:48:22,75,26.5086,0
2012/03/30 08:49:49,75,26.5576,0
2012/03/30 08:51:15,75,26.4694,0
2012/03/30 08:52:41,75,26.6164,0
2012/03/30 08:54:08,75,26.4204,0
2012/03/30 08:55:34,75,26.4498,0
2012/03/30 08:57:01,75,26.3518,0
2012/03/30 08:58:27,75,26.3518,0
2012/03/30 08:59:54,75,26.391,0
2012/03/30 09:01:20,75,26.4106,0
2012/03/30 09:02:47,75,26.587,0
2012/03/30 09:04:14,75,26.538,0
2012/03/30 09:05:40,75,26.4204,0
2012/03/30 09:07:07,75,26.5478,0
2012/03/30 09:08:33,75,26.3224,0
2012/03/30 09:10:00,75,26.5282,0
2012/03/30 09:11:26,75,26.489,0
2012/03/30 09:12:53,75,26.5086,0
2012/03/30 09:14:19,75,26.5282,0
2012/03/30 09:15:46,75,26.4792,0
2012/03/30 09:17:12,75,26.5576,0
2012/03/30 09:18:39,75,26.5478,0
2012/03/30 09:20:05,75,26.4498,0
2012/03/30 09:21:32,75,26.6654,0
2012/03/30 09:22:58,75,26.6066,0
2012/03/30 09:24:25,75,26.5184,0
2012/03/30 09:25:51,75,26.5674,0
2012/03/30 09:27:18,75,26.5478,0
2012/03/30 09:28:44,75,26.538,0
2012/03/30 09:30:11,75,26.6262,0
2012/03/30 09:31:37,75,26.44,0
2012/03/30 09:33:04,75,26.4596,0
2012/03/30 09:34:31,75,26.5968,0
2012/03/30 09:35:57,75,26.6458,0
2012/03/30 09:37:24,75,26.5478,0
2012/03/30 09:38:50,75,26.587,0
2012/03/30 09:40:17,75,26.5184,0
2012/03/30 09:41:43,75,26.5478,0
2012/03/30 09:43:10,75,26.6556,0
2012/03/30 09:44:36,75,26.5086,0
2012/03/30 09:46:03,75,26.244,0
2012/03/30 09:47:29,75,26.7046,0
2012/03/30 09:48:56,75,26.538,0
2012/03/30 09:50:22,75,26.6948,0
2012/03/30 09:51:49,75,26.0578,0
2012/03/30 09:53:15,75,26.7046,0
2012/03/30 09:54:42,75,26.5968,0
2012/03/30 09:56:08,75,26.636,0
2012/03/30 09:57:34,75,26.5478,0
2012/03/30 09:59:01,75,26.4498,0
2012/03/30 10:00:27,75,26.5184,0
2012/03/30 10:01:54,75,26.489,0
2012/03/30 10:03:20,75,26.5674,0
2012/03/30 10:04:47,75,26.6948,0
2012/03/30 10:06:13,75,26.5184,0
2012/03/30 10:07:40,75,26.5282,0
2012/03/30 10:09:06,75,26.6262,0
2012/03/30 10:10:33,75,26.538,0
2012/03/30 10:12:00,75,26.6262,0
2012/03/30 10:13:26,75,26.5968,0
2012/03/30 10:14:53,75,26.6752,0
2012/03/30 10:16:19,75,26.6654,0
2012/03/30 10:17:46,75,26.5576,0
2012/03/30 10:19:12,75,26.636,0
2012/03/30 10:20:39,75,26.6262,0
2012/03/30 10:22:05,75,26.1068,0
2012/03/30 10:23:32,75,26.587,0
2012/03/30 10:24:58,75,26.9496,0
2012/03/30 10:26:25,75,26.9692,0
2012/03/30 10:27:51,75,26.7438,0
2012/03/30 10:29:18,75,27.0182,0
2012/03/30 10:30:44,75,26.9398,0
2012/03/30 10:32:11,75,26.9888,0
2012/03/30 10:33:37,75,27.0378,0
2012/03/30 10:35:04,75,27.0084,0
2012/03/30 10:36:30,75,26.783,0
2012/03/30 10:37:57,75,27.0672,0
2012/03/30 10:39:23,75,27.0672,0
2012/03/30 10:40:50,80,27.0084,0
2012/03/30 10:42:16,75,27.0378,0
2012/03/30 10:43:43,75,27.0574,0
2012/03/30 10:45:09,75,27.0378,0
2012/03/30 10:46:36,70,26.9398,0
2012/03/30 10:48:02,75,27.1554,0
2012/03/30 10:49:29,75,26.8908,0
2012/03/30 10:50:55,75,27.1456,0
2012/03/30 10:52:22,80,27.1162,0
2012/03/30 10:53:48,75,27.0966,0
2012/03/30 10:55:15,75,27.1946,0
2012/03/30 10:56:41,90,26.93,0
2012/03/30 10:58:08,75,27.0574,0
2012/03/30 10:59:34,75,27.1848,0
2012/03/30 11:01:01,80,27.2632,0
2012/03/30 11:02:28,75,27.3416,0
2012/03/30 11:03:54,75,27.2926,0
2012/03/30 11:05:21,80,27.0378,0
2012/03/30 11:06:47,90,27.0672,0
2012/03/30 11:08:14,75,27.3906,0
2012/03/30 11:09:40,75,27.5278,0
2012/03/30 11:11:07,75,27.3416,0
2012/03/30 11:12:33,90,27.4396,0
2012/03/30 11:14:00,80,26.8712,0
2012/03/30 11:15:26,75,27.4788,0
2012/03/30 11:16:53,75,27.5572,0
2012/03/30 11:18:19,75,27.42,0
2012/03/30 11:19:46,75,27.4886,0
2012/03/30 11:21:12,75,27.4592,0
2012/03/30 11:22:39,75,27.5278,0
2012/03/30 11:24:05,75,27.4298,0
2012/03/30 11:25:31,75,27.4788,0
2012/03/30 11:26:58,75,26.9496,0
2012/03/30 11:28:24,75,27.5572,0
2012/03/30 11:29:51,75,27.5278,0
2012/03/30 11:31:17,75,27.5474,0
2012/03/30 11:32:44,75,27.0084,0
2012/03/30 11:34:10,75,27.0868,0
2012/03/30 11:35:37,75,27.567,0
2012/03/30 11:37:03,75,27.4592,0
2012/03/30 11:38:30,75,27.3416,0
2012/03/30 11:39:56,90,27.616,0
2012/03/30 11:41:22,75,27.7238,0
2012/03/30 11:42:49,75,27.4494,0
2012/03/30 11:44:15,75,27.616,0
2012/03/30 11:45:42,75,27.665,0
2012/03/30 11:47:08,80,27.7532,0
2012/03/30 11:48:35,75,27.6944,0
2012/03/30 11:50:01,75,27.812,0
2012/03/30 11:51:28,75,27.8512,0
2012/03/30 11:52:54,75,27.9002,0
2012/03/30 11:54:21,90,27.9688,0
2012/03/30 11:55:47,75,27.9394,0
2012/03/30 11:57:14,75,27.9688,0
2012/03/30 11:58:40,75,27.9884,0
2012/03/30 12:00:07,75,27.7238,0
2012/03/30 12:01:33,75,27.9688,0
2012/03/30 12:03:00,75,28.0766,0
2012/03/30 12:04:26,75,27.9982,0
2012/03/30 12:05:53,75,28.0962,0
2012/03/30 12:07:19,75,28.1452,0
2012/03/30 12:08:46,75,28.106,0
2012/03/30 12:10:13,75,28.4784,0
2012/03/30 12:11:39,75,28.351,0
2012/03/30 12:13:05,75,28.4098,0
2012/03/30 12:14:32,75,28.057,0
2012/03/30 12:16:46,75,28.449,0
2012/03/30 12:18:51,75,28.4882,0
2012/03/30 12:20:03,75,28.4294,0
2012/03/30 12:21:30,65,28.547,0
2012/03/30 12:22:56,75,28.6058,0
2012/03/30 12:24:23,75,28.4294,0
2012/03/30 12:25:49,75,28.5372,0
2012/03/30 12:27:16,75,28.5078,0
2012/03/30 12:28:42,75,28.4098,0
2012/03/30 12:30:09,75,28.0962,0
2012/03/30 12:31:39,75,28.3902,0
2012/03/30 12:33:05,75,28.3902,0
2012/03/30 12:34:32,75,28.596,0
2012/03/30 12:35:58,75,28.5372,0
2012/03/30 12:37:25,75,28.547,0
2012/03/30 12:38:51,75,28.6842,0
2012/03/30 12:40:18,75,28.3804,0
2012/03/30 12:41:51,75,28.596,0
2012/03/30 12:43:18,75,28.5274,0
2012/03/30 12:44:44,75,28.3608,0
2012/03/30 12:46:11,75,28.253,0
2012/03/30 12:47:40,75,28.5274,0
2012/03/30 12:49:07,75,27.959,0
2012/03/30 12:50:33,75,28.449,0
2012/03/30 12:52:00,75,28.8312,0
2012/03/30 12:53:26,75,28.4882,0
2012/03/30 12:54:53,75,28.5764,0
2012/03/30 12:56:19,75,28.2432,0
2012/03/30 12:57:46,75,28.3314,0
2012/03/30 12:59:13,75,28.3216,0
2012/03/30 13:00:39,75,28.596,0
2012/03/30 13:02:06,75,28.596,0
2012/03/30 13:03:32,75,28.4392,0
2012/03/30 13:04:59,75,28.449,0
2012/03/30 13:06:25,75,28.5176,0
2012/03/30 13:07:52,75,28.5862,0
2012/03/30 13:09:18,75,28.547,0
2012/03/30 13:10:45,75,28.498,0
2012/03/30 13:12:11,75,28.1354,0
2012/03/30 13:13:37,75,28.449,0
2012/03/30 13:15:04,75,28.4196,0
2012/03/30 13:16:31,75,28.4686,0
2012/03/30 13:17:57,75,28.2824,0
2012/03/30 13:19:23,75,28.449,0
2012/03/30 13:20:50,75,28.4098,0
2012/03/30 13:22:16,75,28.155,0
2012/03/30 13:23:43,75,28.4882,0
2012/03/30 13:25:09,75,28.5176,0
2012/03/30 13:26:36,75,28.351,0
2012/03/30 13:28:03,75,28.5274,0
2012/03/30 13:29:29,75,28.2726,0
2012/03/30 13:30:56,75,27.9002,0
2012/03/30 13:32:22,75,28.5274,0
2012/03/30 13:33:49,75,28.1452,0
2012/03/30 13:35:15,75,28.2138,0
2012/03/30 13:36:42,75,28.351,0
2012/03/30 13:38:08,75,28.3608,0
2012/03/30 13:39:35,75,28.2334,0
2012/03/30 13:41:01,75,28.3118,0
2012/03/30 13:42:28,75,28.3412,0
2012/03/30 13:43:54,75,28.1648,0
2012/03/30 13:45:21,75,28.4392,0
2012/03/30 13:46:48,75,28.3118,0
2012/03/30 13:48:14,75,28.4392,0
2012/03/30 13:49:41,75,28.351,0
2012/03/30 13:51:07,75,28.0374,0
2012/03/30 13:52:34,75,28.3902,0
2012/03/30 13:54:00,75,28.1844,0
2012/03/30 13:55:27,75,28.4196,0
2012/03/30 13:56:53,75,28.0472,0
2012/03/30 13:58:19,75,28.4098,0
2012/03/30 13:59:46,75,28.4294,0
2012/03/30 14:01:13,75,28.351,0
2012/03/30 14:02:39,75,28.3216,0
2012/03/30 14:04:06,75,27.8904,0
2012/03/30 14:05:32,75,28.3804,0
2012/03/30 14:06:59,75,28.2334,0
2012/03/30 14:08:25,75,28.2922,0
2012/03/30 14:10:08,75,28.4686,0
2012/03/30 14:11:34,75,27.8708,0
2012/03/30 14:13:01,75,28.2432,0
2012/03/30 14:14:27,75,28.4196,0
2012/03/30 14:15:54,75,28.4588,0
2012/03/30 14:17:20,75,28.204,0
2012/03/30 14:18:47,75,28.4098,0
2012/03/30 14:20:13,75,28.2334,0
2012/03/30 14:21:40,75,28.2824,0
2012/03/30 14:23:06,75,28.3412,0
2012/03/30 14:24:33,75,28.4196,0
2012/03/30 14:25:59,75,28.4686,0
2012/03/30 14:27:26,75,28.302,0
2012/03/30 14:28:52,75,28.253,0
2012/03/30 14:30:19,75,28.4882,0
2012/03/30 14:31:45,75,28.3804,0
2012/03/30 14:33:11,75,28.253,0
2012/03/30 14:34:38,75,28.4196,0
2012/03/30 14:36:04,75,28.4196,0
2012/03/30 14:37:31,75,28.351,0
2012/03/30 14:38:57,75,28.4294,0
2012/03/30 14:40:24,75,28.4392,0
2012/03/30 14:41:50,75,28.4784,0
2012/03/30 14:43:06,75,28.4588,0
